{
  "train_rows": 154081,
  "valid_rows": 77808,
  "train_positive_rate": 0.007165062532044833,
  "valid_positive_rate": 0.005654945506888752,
  "threshold": 0.5,
  "pr_auc": 0.018789509046977293,
  "roc_auc": 0.6195534652569538,
  "precision": 0.009901543969568136,
  "recall": 0.4022727272727273,
  "f1": 0.019327364053286743,
  "confusion_matrix": [
    [
      59669,
      17699
    ],
    [
      263,
      177
    ]
  ]
}