topics,reconstruction_error
5,189.83908076889463
8,184.99696728122225
10,182.38250848977304
12,179.9483243557465
15,176.85470807735493
