k,inertia,silhouette_score
3,371291.1032021638,0.4319141594008306
4,310432.9570996939,0.2741839662702734
5,268022.79635399784,0.3029507623088837
6,231321.75634650904,0.3173805436916045
7,217534.29061819948,0.28086136592647515
8,205197.124383564,0.26053857520444135
