{
    "algorithm": "Local Outlier Factor",
    "n_neighbors": 35,
    "contamination": 0.02,
    "customers": 96096,
    "features": 31,
    "detected_anomalies": 1791,
    "anomaly_rate": 0.018637612387612388,
    "created_at": "2026-07-11T14:21:54.364595"
}