topics,perplexity
5,472.5255750547134
8,484.3654893521878
10,491.5184550895221
12,504.511399266332
15,507.18671552565115
