threshold,precision,recall,f1,tp,fp,fn,tn,predicted_positive
0.5,0.009652712202287273,0.41818181818181815,0.01886985950158958,184,18878,256,58490,19062
0.3,0.005923442302319084,0.9636363636363636,0.011774507081366287,424,71156,16,6212,71580
0.2,0.005750062215935138,0.9977272727272727,0.0114342271478245,439,75908,1,1460,76347
0.1,0.005685636015919781,1.0,0.011306984632779977,440,76948,0,420,77388
0.05,0.005668788167693061,1.0,0.011273668297932306,440,77178,0,190,77618
