{
  "train_rows_before_resampling": 154081,
  "train_rows_after_resampling": 306314,
  "valid_rows": 77808,
  "pr_auc": 0.0178635618666438,
  "roc_auc": 0.6161600021385398,
  "precision": 0.009257473481195757,
  "recall": 0.43636363636363634,
  "f1": 0.018130311614730877,
  "confusion_matrix": [
    [
      56820,
      20548
    ],
    [
      248,
      192
    ]
  ]
}