threshold,precision,recall,f1,tp,fp,fn,tn,predicted_positive
0.5,0.009257473481195757,0.43636363636363634,0.018130311614730877,192,20548,248,56820,20740
0.3,0.0059284970496355435,0.9704545454545455,0.011784999655005865,427,71598,13,5770,72025
0.2,0.005745020545973251,0.9977272727272727,0.011424258984568142,439,75975,1,1393,76414
0.1,0.0056846810764718805,1.0,0.011305096286018937,440,76961,0,407,77401
0.05,0.005668349994846954,1.0,0.01127280180364829,440,77184,0,184,77624
