{
  "train_rows": 154081,
  "valid_rows": 77808,
  "train_positive_rate": 0.007165062532044833,
  "valid_positive_rate": 0.005654945506888752,
  "threshold": 0.5,
  "pr_auc": 0.01556172420644404,
  "roc_auc": 0.6097254208928287,
  "precision": 0.009905048159027256,
  "recall": 0.32954545454545453,
  "f1": 0.019232044565289475,
  "confusion_matrix": [
    [
      62874,
      14494
    ],
    [
      295,
      145
    ]
  ]
}