{
  "train_rows": 1104,
  "valid_rows": 440,
  "rmse": 183.05597799640506,
  "mae": 102.42451713284579,
  "r2": -0.0401502913351206,
  "train_target_mean": 152.92924818840578,
  "valid_target_mean": 156.25754545454546
}