{
  "train_rows": 154081,
  "valid_rows": 77808,
  "train_positive_rate": 0.007165062532044833,
  "valid_positive_rate": 0.005654945506888752,
  "threshold": 0.5,
  "pr_auc": 0.020325138613187386,
  "roc_auc": 0.619055990378921,
  "precision": 0.009781751249013936,
  "recall": 0.42272727272727273,
  "f1": 0.019121048573631456,
  "confusion_matrix": [
    [
      58539,
      18829
    ],
    [
      254,
      186
    ]
  ]
}