{
  "train_rows": 1104,
  "valid_rows": 440,
  "rmse": 175.9632222502699,
  "mae": 98.96837637195492,
  "r2": 0.0388922586156667,
  "train_target_mean": 152.92924818840578,
  "valid_target_mean": 156.25754545454546
}